{"y_true": [-17.06, -7.74, -8.43, -17.06], "y_pred": [-16.896249156328167, -7.6753914511634775, -8.69246261985677, -16.896249156328167]}